0.000000000000000e+000	2.843656450711593e+000	7.109141126778982e-001
9.999999717180685e-010	2.843656450711593e+000	7.109141126778982e-001
1.999999943436137e-009	2.843656450711593e+000	7.109141126778982e-001
3.999999886872274e-009	2.843656450711593e+000	7.109141126778982e-001
7.999999773744548e-009	2.843656450711593e+000	7.109141126778982e-001
1.599999954748910e-008	2.843656450711593e+000	7.109141126778982e-001
3.199999909497819e-008	2.843656450711593e+000	7.109141126778982e-001
6.399999818995639e-008	2.843656450711593e+000	7.109141126778982e-001
1.279999963799128e-007	2.843656450711593e+000	7.109141126778982e-001
2.559999927598256e-007	2.843656450711593e+000	7.109141126778982e-001
5.119999855196511e-007	2.843656450711593e+000	7.109141126778982e-001
1.023999971039302e-006	2.843656450711593e+000	7.109141126778982e-001
2.047999942078604e-006	2.843656450711593e+000	7.109141126778982e-001
4.095999884157209e-006	2.843656450711593e+000	7.109141126778982e-001
8.191999768314418e-006	2.843656450711593e+000	7.109141126778982e-001
1.638399953662884e-005	2.843656450711593e+000	7.109141126778982e-001
3.276799907325767e-005	2.843656450711593e+000	7.109141126778982e-001
6.553599814651534e-005	2.843656450711593e+000	7.109141126778982e-001
1.310719962930307e-004	2.843656450711593e+000	7.109141126778982e-001
2.621439925860614e-004	2.843656450711593e+000	7.109141126778982e-001
5.242879851721227e-004	2.843656450711593e+000	7.109141126778982e-001
1.048575970344245e-003	2.843656450711593e+000	7.109141126778982e-001
2.025138470344245e-003	2.843656450711593e+000	7.109141126778982e-001
3.001700970344245e-003	2.843656450711593e+000	7.109141126778982e-001
3.978263470344245e-003	2.843656450711593e+000	7.109141126778982e-001
4.954825970344245e-003	2.843656450711593e+000	7.109141126778982e-001
5.931388470344245e-003	2.843656450711593e+000	7.109141126778982e-001
6.907950970344245e-003	2.843656450711593e+000	7.109141126778982e-001
7.884513470344245e-003	2.843656450711593e+000	7.109141126778982e-001
8.861075970344245e-003	2.843656450711593e+000	7.109141126778982e-001
9.837638470344245e-003	2.843656450711593e+000	7.109141126778982e-001
1.081420097034425e-002	2.843656450711593e+000	7.109141126778982e-001
1.179076347034425e-002	2.843656450711593e+000	7.109141126778982e-001
1.276732597034425e-002	2.843656450711593e+000	7.109141126778982e-001
1.374388847034425e-002	2.843656450711593e+000	7.109141126778982e-001
1.472045097034425e-002	2.843656450711593e+000	7.109141126778982e-001
1.569701347034425e-002	2.843656450711593e+000	7.109141126778982e-001
1.667357597034425e-002	2.843656450711593e+000	7.109141126778982e-001
1.765013847034425e-002	2.843656450711593e+000	7.109141126778982e-001
1.862670097034425e-002	2.843656450711593e+000	7.109141126778982e-001
1.960326347034425e-002	2.843656450711593e+000	7.109141126778982e-001
2.057982597034425e-002	2.843656450711593e+000	7.109141126778982e-001
2.155638847034425e-002	2.843656450711593e+000	7.109141126778982e-001
2.253295097034425e-002	2.843656450711593e+000	7.109141126778982e-001
2.350951347034425e-002	2.843656450711593e+000	7.109141126778982e-001
2.448607597034425e-002	2.843656450711593e+000	7.109141126778982e-001
2.546263847034425e-002	2.843656450711593e+000	7.109141126778982e-001
2.643920097034425e-002	2.843656450711593e+000	7.109141126778982e-001
2.741576347034425e-002	2.843656450711593e+000	7.109141126778982e-001
2.839232597034425e-002	2.843656450711593e+000	7.109141126778982e-001
2.936888847034425e-002	2.843656450711593e+000	7.109141126778982e-001
3.034545097034425e-002	2.843656450711593e+000	7.109141126778982e-001
3.132201347034425e-002	2.843656450711593e+000	7.109141126778982e-001
3.229857597034425e-002	2.843656450711593e+000	7.109141126778982e-001
3.327513847034425e-002	2.843656450711593e+000	7.109141126778982e-001
3.425170097034425e-002	2.843656450711593e+000	7.109141126778982e-001
3.522826347034425e-002	2.843656450711593e+000	7.109141126778982e-001
3.620482597034425e-002	2.843656450711593e+000	7.109141126778982e-001
3.718138847034425e-002	2.843656450711593e+000	7.109141126778982e-001
3.815795097034425e-002	2.843656450711593e+000	7.109141126778982e-001
3.913451347034425e-002	2.843656450711593e+000	7.109141126778982e-001
4.011107597034425e-002	2.843656450711593e+000	7.109141126778982e-001
4.108763847034425e-002	2.843656450711593e+000	7.109141126778982e-001
4.206420097034425e-002	2.843656450711593e+000	7.109141126778982e-001
4.304076347034425e-002	2.843656450711593e+000	7.109141126778982e-001
4.401732597034425e-002	2.843656450711593e+000	7.109141126778982e-001
4.499388847034425e-002	2.843656450711593e+000	7.109141126778982e-001
4.597045097034425e-002	2.843656450711593e+000	7.109141126778982e-001
4.694701347034425e-002	2.843656450711593e+000	7.109141126778982e-001
4.792357597034425e-002	2.843656450711593e+000	7.109141126778982e-001
4.890013847034425e-002	2.843656450711593e+000	7.109141126778982e-001
4.987670097034425e-002	2.843656450711593e+000	7.109141126778982e-001
5.085326347034425e-002	2.843656450711593e+000	7.109141126778982e-001
5.182982597034425e-002	2.843656450711593e+000	7.109141126778982e-001
5.280638847034425e-002	2.843656450711593e+000	7.109141126778982e-001
5.378295097034425e-002	2.843656450711593e+000	7.109141126778982e-001
5.475951347034425e-002	2.843656450711593e+000	7.109141126778982e-001
5.573607597034425e-002	2.843656450711593e+000	7.109141126778982e-001
5.671263847034425e-002	2.843656450711593e+000	7.109141126778982e-001
5.768920097034425e-002	2.843656450711593e+000	7.109141126778982e-001
5.866576347034425e-002	2.843656450711593e+000	7.109141126778982e-001
5.964232597034425e-002	2.843656450711593e+000	7.109141126778982e-001
6.061888847034425e-002	2.843656450711593e+000	7.109141126778982e-001
6.159545097034425e-002	2.843656450711593e+000	7.109141126778982e-001
6.257201347034425e-002	2.843656450711593e+000	7.109141126778982e-001
6.354857597034425e-002	2.843656450711593e+000	7.109141126778982e-001
6.452513847034425e-002	2.843656450711593e+000	7.109141126778982e-001
6.550170097034425e-002	2.843656450711593e+000	7.109141126778982e-001
6.647826347034425e-002	2.843656450711593e+000	7.109141126778982e-001
6.745482597034425e-002	2.843656450711593e+000	7.109141126778982e-001
6.843138847034425e-002	2.843656450711593e+000	7.109141126778982e-001
6.940795097034425e-002	2.843656450711593e+000	7.109141126778982e-001
7.038451347034425e-002	2.843656450711593e+000	7.109141126778982e-001
7.136107597034425e-002	2.843656450711593e+000	7.109141126778982e-001
7.233763847034425e-002	2.843656450711593e+000	7.109141126778982e-001
7.331420097034425e-002	2.843656450711593e+000	7.109141126778982e-001
7.429076347034425e-002	2.843656450711593e+000	7.109141126778982e-001
7.526732597034425e-002	2.843656450711593e+000	7.109141126778982e-001
7.624388847034425e-002	2.843656450711593e+000	7.109141126778982e-001
7.722045097034425e-002	2.843656450711593e+000	7.109141126778982e-001
7.819701347034425e-002	2.843656450711593e+000	7.109141126778982e-001
7.917357597034425e-002	2.843656450711593e+000	7.109141126778982e-001
8.015013847034425e-002	2.843656450711593e+000	7.109141126778982e-001
8.112670097034425e-002	2.843656450711593e+000	7.109141126778982e-001
8.210326347034425e-002	2.843656450711593e+000	7.109141126778982e-001
8.307982597034425e-002	2.843656450711593e+000	7.109141126778982e-001
8.405638847034425e-002	2.843656450711593e+000	7.109141126778982e-001
8.503295097034425e-002	2.843656450711593e+000	7.109141126778982e-001
8.600951347034425e-002	2.843656450711593e+000	7.109141126778982e-001
8.698607597034425e-002	2.843656450711593e+000	7.109141126778982e-001
8.796263847034425e-002	2.843656450711593e+000	7.109141126778982e-001
8.893920097034425e-002	2.843656450711593e+000	7.109141126778982e-001
8.991576347034425e-002	2.843656450711593e+000	7.109141126778982e-001
9.089232597034425e-002	2.843656450711593e+000	7.109141126778982e-001
9.186888847034425e-002	2.843656450711593e+000	7.109141126778982e-001
9.284545097034425e-002	2.843656450711593e+000	7.109141126778982e-001
9.382201347034425e-002	2.843656450711593e+000	7.109141126778982e-001
9.479857597034425e-002	2.843656450711593e+000	7.109141126778982e-001
9.577513847034425e-002	2.843656450711593e+000	7.109141126778982e-001
9.675170097034425e-002	2.843656450711593e+000	7.109141126778982e-001
9.772826347034425e-002	2.843656450711593e+000	7.109141126778982e-001
9.870482597034425e-002	2.843656450711593e+000	7.109141126778982e-001
9.968138847034425e-002	2.843656450711593e+000	7.109141126778982e-001
1.006579509703443e-001	2.843656450711593e+000	7.109141126778982e-001
1.016345134703443e-001	2.843656450711593e+000	7.109141126778982e-001
1.026110759703443e-001	2.843656450711593e+000	7.109141126778982e-001
1.035876384703443e-001	2.843656450711593e+000	7.109141126778982e-001
1.045642009703443e-001	2.843656450711593e+000	7.109141126778982e-001
1.055407634703443e-001	2.843656450711593e+000	7.109141126778982e-001
1.065173259703443e-001	2.843656450711593e+000	7.109141126778982e-001
1.074938884703443e-001	2.843656450711593e+000	7.109141126778982e-001
1.084704509703443e-001	2.843656450711593e+000	7.109141126778982e-001
1.094470134703443e-001	2.843656450711593e+000	7.109141126778982e-001
1.104235759703443e-001	2.843656450711593e+000	7.109141126778982e-001
1.114001384703443e-001	2.843656450711593e+000	7.109141126778982e-001
1.123767009703443e-001	2.843656450711593e+000	7.109141126778982e-001
1.133532634703443e-001	2.843656450711593e+000	7.109141126778982e-001
1.143298259703443e-001	2.843656450711593e+000	7.109141126778982e-001
1.153063884703443e-001	2.843656450711593e+000	7.109141126778982e-001
1.162829509703443e-001	2.843656450711593e+000	7.109141126778982e-001
1.172595134703443e-001	2.843656450711593e+000	7.109141126778982e-001
1.182360759703443e-001	2.843656450711593e+000	7.109141126778982e-001
1.192126384703443e-001	2.843656450711593e+000	7.109141126778982e-001
1.201892009703443e-001	2.843656450711593e+000	7.109141126778982e-001
1.211657634703443e-001	2.843656450711593e+000	7.109141126778982e-001
1.221423259703443e-001	2.843656450711593e+000	7.109141126778982e-001
1.231188884703443e-001	2.843656450711593e+000	7.109141126778982e-001
1.240954509703443e-001	2.843656450711593e+000	7.109141126778982e-001
1.250720134703443e-001	2.843656450711593e+000	7.109141126778982e-001
1.260485759703443e-001	2.843656450711593e+000	7.109141126778982e-001
1.270251384703443e-001	2.843656450711593e+000	7.109141126778982e-001
1.280017009703443e-001	2.843656450711593e+000	7.109141126778982e-001
1.289782634703443e-001	2.843656450711593e+000	7.109141126778982e-001
1.299548259703443e-001	2.843656450711593e+000	7.109141126778982e-001
1.309313884703443e-001	2.843656450711593e+000	7.109141126778982e-001
1.319079509703443e-001	2.843656450711593e+000	7.109141126778982e-001
1.328845134703443e-001	2.843656450711593e+000	7.109141126778982e-001
1.338610759703443e-001	2.843656450711593e+000	7.109141126778982e-001
1.348376384703443e-001	2.843656450711593e+000	7.109141126778982e-001
1.358142009703443e-001	2.843656450711593e+000	7.109141126778982e-001
1.367907634703443e-001	2.843656450711593e+000	7.109141126778982e-001
1.377673259703443e-001	2.843656450711593e+000	7.109141126778982e-001
1.387438884703443e-001	2.843656450711593e+000	7.109141126778982e-001
1.397204509703443e-001	2.843656450711593e+000	7.109141126778982e-001
1.406970134703443e-001	2.843656450711593e+000	7.109141126778982e-001
1.416735759703443e-001	2.843656450711593e+000	7.109141126778982e-001
1.426501384703443e-001	2.843656450711593e+000	7.109141126778982e-001
1.436267009703443e-001	2.843656450711593e+000	7.109141126778982e-001
1.446032634703443e-001	2.843656450711593e+000	7.109141126778982e-001
1.455798259703443e-001	2.843656450711593e+000	7.109141126778982e-001
1.465563884703443e-001	2.843656450711593e+000	7.109141126778982e-001
1.475329509703443e-001	2.843656450711593e+000	7.109141126778982e-001
1.485095134703443e-001	2.843656450711593e+000	7.109141126778982e-001
1.494860759703443e-001	2.843656450711593e+000	7.109141126778982e-001
1.504626384703443e-001	2.843656450711593e+000	7.109141126778982e-001
1.514392009703443e-001	2.843656450711593e+000	7.109141126778982e-001
1.524157634703443e-001	2.843656450711593e+000	7.109141126778982e-001
1.533923259703443e-001	2.843656450711593e+000	7.109141126778982e-001
1.543688884703443e-001	2.843656450711593e+000	7.109141126778982e-001
1.553454509703443e-001	2.843656450711593e+000	7.109141126778982e-001
1.563220134703443e-001	2.843656450711593e+000	7.109141126778982e-001
1.572985759703443e-001	2.843656450711593e+000	7.109141126778982e-001
1.582751384703443e-001	2.843656450711593e+000	7.109141126778982e-001
1.592517009703443e-001	2.843656450711593e+000	7.109141126778982e-001
1.602282634703443e-001	2.843656450711593e+000	7.109141126778982e-001
1.612048259703443e-001	2.843656450711593e+000	7.109141126778982e-001
1.621813884703443e-001	2.843656450711593e+000	7.109141126778982e-001
1.631579509703443e-001	2.843656450711593e+000	7.109141126778982e-001
1.641345134703443e-001	2.843656450711593e+000	7.109141126778982e-001
1.651110759703443e-001	2.843656450711593e+000	7.109141126778982e-001
1.660876384703443e-001	2.843656450711593e+000	7.109141126778982e-001
1.670642009703443e-001	2.843656450711593e+000	7.109141126778982e-001
1.680407634703443e-001	2.843656450711593e+000	7.109141126778982e-001
1.690173259703443e-001	2.843656450711593e+000	7.109141126778982e-001
1.699938884703443e-001	2.843656450711593e+000	7.109141126778982e-001
1.709704509703443e-001	2.843656450711593e+000	7.109141126778982e-001
1.719470134703443e-001	2.843656450711593e+000	7.109141126778982e-001
1.729235759703443e-001	2.843656450711593e+000	7.109141126778982e-001
1.739001384703443e-001	2.843656450711593e+000	7.109141126778982e-001
1.748767009703443e-001	2.843656450711593e+000	7.109141126778982e-001
1.758532634703443e-001	2.843656450711593e+000	7.109141126778982e-001
1.768298259703443e-001	2.843656450711593e+000	7.109141126778982e-001
1.778063884703443e-001	2.843656450711593e+000	7.109141126778982e-001
1.787829509703443e-001	2.843656450711593e+000	7.109141126778982e-001
1.797595134703443e-001	2.843656450711593e+000	7.109141126778982e-001
1.807360759703443e-001	2.843656450711593e+000	7.109141126778982e-001
1.817126384703443e-001	2.843656450711593e+000	7.109141126778982e-001
1.826892009703443e-001	2.843656450711593e+000	7.109141126778982e-001
1.836657634703443e-001	2.843656450711593e+000	7.109141126778982e-001
1.846423259703443e-001	2.843656450711593e+000	7.109141126778982e-001
1.856188884703443e-001	2.843656450711593e+000	7.109141126778982e-001
1.865954509703443e-001	2.843656450711593e+000	7.109141126778982e-001
1.875720134703443e-001	2.843656450711593e+000	7.109141126778982e-001
1.885485759703443e-001	2.843656450711593e+000	7.109141126778982e-001
1.895251384703443e-001	2.843656450711593e+000	7.109141126778982e-001
1.905017009703443e-001	2.843656450711593e+000	7.109141126778982e-001
1.914782634703443e-001	2.843656450711593e+000	7.109141126778982e-001
1.924548259703443e-001	2.843656450711593e+000	7.109141126778982e-001
1.934313884703443e-001	2.843656450711593e+000	7.109141126778982e-001
1.944079509703443e-001	2.843656450711593e+000	7.109141126778982e-001
1.953845134703443e-001	2.843656450711593e+000	7.109141126778982e-001
1.963610759703443e-001	2.843656450711593e+000	7.109141126778982e-001
1.973376384703443e-001	2.843656450711593e+000	7.109141126778982e-001
1.983142009703443e-001	2.843656450711593e+000	7.109141126778982e-001
1.992907634703443e-001	2.843656450711593e+000	7.109141126778982e-001
2.002673259703443e-001	2.843656450711593e+000	7.109141126778982e-001
2.012438884703443e-001	2.843656450711593e+000	7.109141126778982e-001
2.022204509703443e-001	2.843656450711593e+000	7.109141126778982e-001
2.031970134703443e-001	2.843656450711593e+000	7.109141126778982e-001
2.041735759703443e-001	2.843656450711593e+000	7.109141126778982e-001
2.051501384703443e-001	2.843656450711593e+000	7.109141126778982e-001
2.061267009703443e-001	2.843656450711593e+000	7.109141126778982e-001
2.071032634703443e-001	2.843656450711593e+000	7.109141126778982e-001
2.080798259703443e-001	2.843656450711593e+000	7.109141126778982e-001
2.090563884703443e-001	2.843656450711593e+000	7.109141126778982e-001
2.100329509703443e-001	2.843656450711593e+000	7.109141126778982e-001
2.110095134703443e-001	2.843656450711593e+000	7.109141126778982e-001
2.119860759703443e-001	2.843656450711593e+000	7.109141126778982e-001
2.129626384703443e-001	2.843656450711593e+000	7.109141126778982e-001
2.139392009703443e-001	2.843656450711593e+000	7.109141126778982e-001
2.149157634703443e-001	2.843656450711593e+000	7.109141126778982e-001
2.158923259703443e-001	2.843656450711593e+000	7.109141126778982e-001
2.168688884703443e-001	2.843656450711593e+000	7.109141126778982e-001
2.178454509703443e-001	2.843656450711593e+000	7.109141126778982e-001
2.188220134703443e-001	2.843656450711593e+000	7.109141126778982e-001
2.197985759703443e-001	2.843656450711593e+000	7.109141126778982e-001
2.207751384703443e-001	2.843656450711593e+000	7.109141126778982e-001
2.217517009703443e-001	2.843656450711593e+000	7.109141126778982e-001
2.227282634703443e-001	2.843656450711593e+000	7.109141126778982e-001
2.237048259703443e-001	2.843656450711593e+000	7.109141126778982e-001
2.246813884703443e-001	2.843656450711593e+000	7.109141126778982e-001
2.256579509703443e-001	2.843656450711593e+000	7.109141126778982e-001
2.266345134703443e-001	2.843656450711593e+000	7.109141126778982e-001
2.276110759703443e-001	2.843656450711593e+000	7.109141126778982e-001
2.285876384703443e-001	2.843656450711593e+000	7.109141126778982e-001
2.295642009703443e-001	2.843656450711593e+000	7.109141126778982e-001
2.305407634703443e-001	2.843656450711593e+000	7.109141126778982e-001
2.315173259703443e-001	2.843656450711593e+000	7.109141126778982e-001
2.324938884703443e-001	2.843656450711593e+000	7.109141126778982e-001
2.334704509703443e-001	2.843656450711593e+000	7.109141126778982e-001
2.344470134703443e-001	2.843656450711593e+000	7.109141126778982e-001
2.354235759703443e-001	2.843656450711593e+000	7.109141126778982e-001
2.364001384703443e-001	2.843656450711593e+000	7.109141126778982e-001
2.373767009703443e-001	2.843656450711593e+000	7.109141126778982e-001
2.383532634703443e-001	2.843656450711593e+000	7.109141126778982e-001
2.393298259703443e-001	2.843656450711593e+000	7.109141126778982e-001
2.403063884703443e-001	2.843656450711593e+000	7.109141126778982e-001
2.412829509703443e-001	2.843656450711593e+000	7.109141126778982e-001
2.422595134703443e-001	2.843656450711593e+000	7.109141126778982e-001
2.432360759703443e-001	2.843656450711593e+000	7.109141126778982e-001
2.442126384703443e-001	2.843656450711593e+000	7.109141126778982e-001
2.451892009703443e-001	2.843656450711593e+000	7.109141126778982e-001
2.461657634703443e-001	2.843656450711593e+000	7.109141126778982e-001
2.471423259703443e-001	2.843656450711593e+000	7.109141126778982e-001
2.481188884703443e-001	2.843656450711593e+000	7.109141126778982e-001
2.490954509703443e-001	2.843656450711593e+000	7.109141126778982e-001
2.500720134703443e-001	2.843656450711593e+000	7.109141126778982e-001
2.510485759703443e-001	2.843656450711593e+000	7.109141126778982e-001
2.520251384703443e-001	2.843656450711593e+000	7.109141126778982e-001
2.530017009703443e-001	2.843656450711593e+000	7.109141126778982e-001
2.539782634703443e-001	2.843656450711593e+000	7.109141126778982e-001
2.549548259703443e-001	2.843656450711593e+000	7.109141126778982e-001
2.559313884703443e-001	2.843656450711593e+000	7.109141126778982e-001
2.569079509703443e-001	2.843656450711593e+000	7.109141126778982e-001
2.578845134703443e-001	2.843656450711593e+000	7.109141126778982e-001
2.588610759703443e-001	2.843656450711593e+000	7.109141126778982e-001
2.598376384703443e-001	2.843656450711593e+000	7.109141126778982e-001
2.608142009703443e-001	2.843656450711593e+000	7.109141126778982e-001
2.617907634703443e-001	2.843656450711593e+000	7.109141126778982e-001
2.627673259703443e-001	2.843656450711593e+000	7.109141126778982e-001
2.637438884703443e-001	2.843656450711593e+000	7.109141126778982e-001
2.647204509703443e-001	2.843656450711593e+000	7.109141126778982e-001
2.656970134703443e-001	2.843656450711593e+000	7.109141126778982e-001
2.666735759703443e-001	2.843656450711593e+000	7.109141126778982e-001
2.676501384703443e-001	2.843656450711593e+000	7.109141126778982e-001
2.686267009703443e-001	2.843656450711593e+000	7.109141126778982e-001
2.696032634703443e-001	2.843656450711593e+000	7.109141126778982e-001
2.705798259703443e-001	2.843656450711593e+000	7.109141126778982e-001
2.715563884703443e-001	2.843656450711593e+000	7.109141126778982e-001
2.725329509703443e-001	2.843656450711593e+000	7.109141126778982e-001
2.735095134703443e-001	2.843656450711593e+000	7.109141126778982e-001
2.744860759703443e-001	2.843656450711593e+000	7.109141126778982e-001
2.754626384703443e-001	2.843656450711593e+000	7.109141126778982e-001
2.764392009703443e-001	2.843656450711593e+000	7.109141126778982e-001
2.774157634703443e-001	2.843656450711593e+000	7.109141126778982e-001
2.783923259703443e-001	2.843656450711593e+000	7.109141126778982e-001
2.793688884703443e-001	2.843656450711593e+000	7.109141126778982e-001
2.803454509703443e-001	2.843656450711593e+000	7.109141126778982e-001
2.813220134703443e-001	2.843656450711593e+000	7.109141126778982e-001
2.822985759703443e-001	2.843656450711593e+000	7.109141126778982e-001
2.832751384703443e-001	2.843656450711593e+000	7.109141126778982e-001
2.842517009703443e-001	2.843656450711593e+000	7.109141126778982e-001
2.852282634703443e-001	2.843656450711593e+000	7.109141126778982e-001
2.862048259703443e-001	2.843656450711593e+000	7.109141126778982e-001
2.871813884703443e-001	2.843656450711593e+000	7.109141126778982e-001
2.881579509703443e-001	2.843656450711593e+000	7.109141126778982e-001
2.891345134703443e-001	2.843656450711593e+000	7.109141126778982e-001
2.901110759703443e-001	2.843656450711593e+000	7.109141126778982e-001
2.910876384703443e-001	2.843656450711593e+000	7.109141126778982e-001
2.920642009703443e-001	2.843656450711593e+000	7.109141126778982e-001
2.930407634703443e-001	2.843656450711593e+000	7.109141126778982e-001
2.940173259703443e-001	2.843656450711593e+000	7.109141126778982e-001
2.949938884703443e-001	2.843656450711593e+000	7.109141126778982e-001
2.959704509703443e-001	2.843656450711593e+000	7.109141126778982e-001
2.969470134703443e-001	2.843656450711593e+000	7.109141126778982e-001
2.979235759703443e-001	2.843656450711593e+000	7.109141126778982e-001
2.989001384703443e-001	2.843656450711593e+000	7.109141126778982e-001
2.998767009703443e-001	2.843656450711593e+000	7.109141126778982e-001
3.008532634703443e-001	2.843656450711593e+000	7.109141126778982e-001
3.018298259703443e-001	2.843656450711593e+000	7.109141126778982e-001
3.028063884703443e-001	2.843656450711593e+000	7.109141126778982e-001
3.037829509703443e-001	2.843656450711593e+000	7.109141126778982e-001
3.047595134703443e-001	2.843656450711593e+000	7.109141126778982e-001
3.057360759703443e-001	2.843656450711593e+000	7.109141126778982e-001
3.067126384703443e-001	2.843656450711593e+000	7.109141126778982e-001
3.076892009703443e-001	2.843656450711593e+000	7.109141126778982e-001
3.086657634703443e-001	2.843656450711593e+000	7.109141126778982e-001
3.096423259703443e-001	2.843656450711593e+000	7.109141126778982e-001
3.106188884703443e-001	2.843656450711593e+000	7.109141126778982e-001
3.115954509703443e-001	2.843656450711593e+000	7.109141126778982e-001
3.125720134703443e-001	2.843656450711593e+000	7.109141126778982e-001
3.135485759703443e-001	2.843656450711593e+000	7.109141126778982e-001
3.145251384703443e-001	2.843656450711593e+000	7.109141126778982e-001
3.155017009703443e-001	2.843656450711593e+000	7.109141126778982e-001
3.164782634703443e-001	2.843656450711593e+000	7.109141126778982e-001
3.174548259703443e-001	2.843656450711593e+000	7.109141126778982e-001
3.184313884703443e-001	2.843656450711593e+000	7.109141126778982e-001
3.194079509703443e-001	2.843656450711593e+000	7.109141126778982e-001
3.203845134703443e-001	2.843656450711593e+000	7.109141126778982e-001
3.213610759703443e-001	2.843656450711593e+000	7.109141126778982e-001
3.223376384703443e-001	2.843656450711593e+000	7.109141126778982e-001
3.233142009703443e-001	2.843656450711593e+000	7.109141126778982e-001
3.242907634703443e-001	2.843656450711593e+000	7.109141126778982e-001
3.252673259703443e-001	2.843656450711593e+000	7.109141126778982e-001
3.262438884703443e-001	2.843656450711593e+000	7.109141126778982e-001
3.272204509703443e-001	2.843656450711593e+000	7.109141126778982e-001
3.281970134703443e-001	2.843656450711593e+000	7.109141126778982e-001
3.291735759703443e-001	2.843656450711593e+000	7.109141126778982e-001
3.301501384703443e-001	2.843656450711593e+000	7.109141126778982e-001
3.311267009703443e-001	2.843656450711593e+000	7.109141126778982e-001
3.321032634703443e-001	2.843656450711593e+000	7.109141126778982e-001
3.330798259703443e-001	2.843656450711593e+000	7.109141126778982e-001
3.340563884703443e-001	2.843656450711593e+000	7.109141126778982e-001
3.350329509703443e-001	2.843656450711593e+000	7.109141126778982e-001
3.360095134703443e-001	2.843656450711593e+000	7.109141126778982e-001
3.369860759703443e-001	2.843656450711593e+000	7.109141126778982e-001
3.379626384703443e-001	2.843656450711593e+000	7.109141126778982e-001
3.389392009703443e-001	2.843656450711593e+000	7.109141126778982e-001
3.399157634703443e-001	2.843656450711593e+000	7.109141126778982e-001
3.408923259703443e-001	2.843656450711593e+000	7.109141126778982e-001
3.418688884703443e-001	2.843656450711593e+000	7.109141126778982e-001
3.428454509703443e-001	2.843656450711593e+000	7.109141126778982e-001
3.438220134703443e-001	2.843656450711593e+000	7.109141126778982e-001
3.447985759703443e-001	2.843656450711593e+000	7.109141126778982e-001
3.457751384703443e-001	2.843656450711593e+000	7.109141126778982e-001
3.467517009703443e-001	2.843656450711593e+000	7.109141126778982e-001
3.477282634703443e-001	2.843656450711593e+000	7.109141126778982e-001
3.487048259703443e-001	2.843656450711593e+000	7.109141126778982e-001
3.496813884703443e-001	2.843656450711593e+000	7.109141126778982e-001
3.506579509703443e-001	2.843656450711593e+000	7.109141126778982e-001
3.516345134703443e-001	2.843656450711593e+000	7.109141126778982e-001
3.526110759703443e-001	2.843656450711593e+000	7.109141126778982e-001
3.535876384703443e-001	2.843656450711593e+000	7.109141126778982e-001
3.545642009703443e-001	2.843656450711593e+000	7.109141126778982e-001
3.555407634703443e-001	2.843656450711593e+000	7.109141126778982e-001
3.565173259703443e-001	2.843656450711593e+000	7.109141126778982e-001
3.574938884703443e-001	2.843656450711593e+000	7.109141126778982e-001
3.584704509703443e-001	2.843656450711593e+000	7.109141126778982e-001
3.594470134703443e-001	2.843656450711593e+000	7.109141126778982e-001
3.604235759703443e-001	2.843656450711593e+000	7.109141126778982e-001
3.614001384703443e-001	2.843656450711593e+000	7.109141126778982e-001
3.623767009703443e-001	2.843656450711593e+000	7.109141126778982e-001
3.633532634703443e-001	2.843656450711593e+000	7.109141126778982e-001
3.643298259703443e-001	2.843656450711593e+000	7.109141126778982e-001
3.653063884703443e-001	2.843656450711593e+000	7.109141126778982e-001
3.662829509703443e-001	2.843656450711593e+000	7.109141126778982e-001
3.672595134703443e-001	2.843656450711593e+000	7.109141126778982e-001
3.682360759703443e-001	2.843656450711593e+000	7.109141126778982e-001
3.692126384703443e-001	2.843656450711593e+000	7.109141126778982e-001
3.701892009703443e-001	2.843656450711593e+000	7.109141126778982e-001
3.711657634703443e-001	2.843656450711593e+000	7.109141126778982e-001
3.721423259703443e-001	2.843656450711593e+000	7.109141126778982e-001
3.731188884703443e-001	2.843656450711593e+000	7.109141126778982e-001
3.740954509703443e-001	2.843656450711593e+000	7.109141126778982e-001
3.750720134703443e-001	2.843656450711593e+000	7.109141126778982e-001
3.760485759703443e-001	2.843656450711593e+000	7.109141126778982e-001
3.770251384703443e-001	2.843656450711593e+000	7.109141126778982e-001
3.780017009703443e-001	2.843656450711593e+000	7.109141126778982e-001
3.789782634703443e-001	2.843656450711593e+000	7.109141126778982e-001
3.799548259703443e-001	2.843656450711593e+000	7.109141126778982e-001
3.809313884703443e-001	2.843656450711593e+000	7.109141126778982e-001
3.819079509703443e-001	2.843656450711593e+000	7.109141126778982e-001
3.828845134703443e-001	2.843656450711593e+000	7.109141126778982e-001
3.838610759703443e-001	2.843656450711593e+000	7.109141126778982e-001
3.848376384703443e-001	2.843656450711593e+000	7.109141126778982e-001
3.858142009703443e-001	2.843656450711593e+000	7.109141126778982e-001
3.867907634703443e-001	2.843656450711593e+000	7.109141126778982e-001
3.877673259703443e-001	2.843656450711593e+000	7.109141126778982e-001
3.887438884703443e-001	2.843656450711593e+000	7.109141126778982e-001
3.897204509703443e-001	2.843656450711593e+000	7.109141126778982e-001
3.906970134703443e-001	2.843656450711593e+000	7.109141126778982e-001
3.916735759703443e-001	2.843656450711593e+000	7.109141126778982e-001
3.926501384703443e-001	2.843656450711593e+000	7.109141126778982e-001
3.936267009703443e-001	2.843656450711593e+000	7.109141126778982e-001
3.946032634703443e-001	2.843656450711593e+000	7.109141126778982e-001
3.955798259703443e-001	2.843656450711593e+000	7.109141126778982e-001
3.965563884703443e-001	2.843656450711593e+000	7.109141126778982e-001
3.975329509703443e-001	2.843656450711593e+000	7.109141126778982e-001
3.985095134703443e-001	2.843656450711593e+000	7.109141126778982e-001
3.994860759703443e-001	2.843656450711593e+000	7.109141126778982e-001
4.004626384703443e-001	2.843656450711593e+000	7.109141126778982e-001
4.014392009703443e-001	2.843656450711593e+000	7.109141126778982e-001
4.024157634703443e-001	2.843656450711593e+000	7.109141126778982e-001
4.033923259703443e-001	2.843656450711593e+000	7.109141126778982e-001
4.043688884703443e-001	2.843656450711593e+000	7.109141126778982e-001
4.053454509703443e-001	2.843656450711593e+000	7.109141126778982e-001
4.063220134703443e-001	2.843656450711593e+000	7.109141126778982e-001
4.072985759703443e-001	2.843656450711593e+000	7.109141126778982e-001
4.082751384703443e-001	2.843656450711593e+000	7.109141126778982e-001
4.092517009703443e-001	2.843656450711593e+000	7.109141126778982e-001
4.102282634703443e-001	2.843656450711593e+000	7.109141126778982e-001
4.112048259703443e-001	2.843656450711593e+000	7.109141126778982e-001
4.121813884703443e-001	2.843656450711593e+000	7.109141126778982e-001
4.131579509703443e-001	2.843656450711593e+000	7.109141126778982e-001
4.141345134703443e-001	2.843656450711593e+000	7.109141126778982e-001
4.151110759703443e-001	2.843656450711593e+000	7.109141126778982e-001
4.160876384703443e-001	2.843656450711593e+000	7.109141126778982e-001
4.170642009703443e-001	2.843656450711593e+000	7.109141126778982e-001
4.180407634703443e-001	2.843656450711593e+000	7.109141126778982e-001
4.190173259703443e-001	2.843656450711593e+000	7.109141126778982e-001
4.199938884703443e-001	2.843656450711593e+000	7.109141126778982e-001
4.209704509703443e-001	2.843656450711593e+000	7.109141126778982e-001
4.219470134703443e-001	2.843656450711593e+000	7.109141126778982e-001
4.229235759703443e-001	2.843656450711593e+000	7.109141126778982e-001
4.239001384703443e-001	2.843656450711593e+000	7.109141126778982e-001
4.248767009703443e-001	2.843656450711593e+000	7.109141126778982e-001
4.258532634703443e-001	2.843656450711593e+000	7.109141126778982e-001
4.268298259703443e-001	2.843656450711593e+000	7.109141126778982e-001
4.278063884703443e-001	2.843656450711593e+000	7.109141126778982e-001
4.287829509703443e-001	2.843656450711593e+000	7.109141126778982e-001
4.297595134703443e-001	2.843656450711593e+000	7.109141126778982e-001
4.307360759703443e-001	2.843656450711593e+000	7.109141126778982e-001
4.317126384703443e-001	2.843656450711593e+000	7.109141126778982e-001
4.326892009703443e-001	2.843656450711593e+000	7.109141126778982e-001
4.336657634703443e-001	2.843656450711593e+000	7.109141126778982e-001
4.346423259703443e-001	2.843656450711593e+000	7.109141126778982e-001
4.356188884703443e-001	2.843656450711593e+000	7.109141126778982e-001
4.365954509703443e-001	2.843656450711593e+000	7.109141126778982e-001
4.375720134703443e-001	2.843656450711593e+000	7.109141126778982e-001
4.385485759703443e-001	2.843656450711593e+000	7.109141126778982e-001
4.395251384703443e-001	2.843656450711593e+000	7.109141126778982e-001
4.405017009703443e-001	2.843656450711593e+000	7.109141126778982e-001
4.414782634703443e-001	2.843656450711593e+000	7.109141126778982e-001
4.424548259703443e-001	2.843656450711593e+000	7.109141126778982e-001
4.434313884703443e-001	2.843656450711593e+000	7.109141126778982e-001
4.444079509703443e-001	2.843656450711593e+000	7.109141126778982e-001
4.453845134703443e-001	2.843656450711593e+000	7.109141126778982e-001
4.463610759703443e-001	2.843656450711593e+000	7.109141126778982e-001
4.473376384703443e-001	2.843656450711593e+000	7.109141126778982e-001
4.483142009703443e-001	2.843656450711593e+000	7.109141126778982e-001
4.492907634703443e-001	2.843656450711593e+000	7.109141126778982e-001
4.502673259703443e-001	2.843656450711593e+000	7.109141126778982e-001
4.512438884703443e-001	2.843656450711593e+000	7.109141126778982e-001
4.522204509703443e-001	2.843656450711593e+000	7.109141126778982e-001
4.531970134703443e-001	2.843656450711593e+000	7.109141126778982e-001
4.541735759703443e-001	2.843656450711593e+000	7.109141126778982e-001
4.551501384703443e-001	2.843656450711593e+000	7.109141126778982e-001
4.561267009703443e-001	2.843656450711593e+000	7.109141126778982e-001
4.571032634703443e-001	2.843656450711593e+000	7.109141126778982e-001
4.580798259703443e-001	2.843656450711593e+000	7.109141126778982e-001
4.590563884703443e-001	2.843656450711593e+000	7.109141126778982e-001
4.600329509703443e-001	2.843656450711593e+000	7.109141126778982e-001
4.610095134703443e-001	2.843656450711593e+000	7.109141126778982e-001
4.619860759703443e-001	2.843656450711593e+000	7.109141126778982e-001
4.629626384703443e-001	2.843656450711593e+000	7.109141126778982e-001
4.639392009703443e-001	2.843656450711593e+000	7.109141126778982e-001
4.649157634703443e-001	2.843656450711593e+000	7.109141126778982e-001
4.658923259703443e-001	2.843656450711593e+000	7.109141126778982e-001
4.668688884703443e-001	2.843656450711593e+000	7.109141126778982e-001
4.678454509703443e-001	2.843656450711593e+000	7.109141126778982e-001
4.688220134703443e-001	2.843656450711593e+000	7.109141126778982e-001
4.697985759703443e-001	2.843656450711593e+000	7.109141126778982e-001
4.707751384703443e-001	2.843656450711593e+000	7.109141126778982e-001
4.717517009703443e-001	2.843656450711593e+000	7.109141126778982e-001
4.727282634703443e-001	2.843656450711593e+000	7.109141126778982e-001
4.737048259703443e-001	2.843656450711593e+000	7.109141126778982e-001
4.746813884703443e-001	2.843656450711593e+000	7.109141126778982e-001
4.756579509703443e-001	2.843656450711593e+000	7.109141126778982e-001
4.766345134703443e-001	2.843656450711593e+000	7.109141126778982e-001
4.776110759703443e-001	2.843656450711593e+000	7.109141126778982e-001
4.785876384703443e-001	2.843656450711593e+000	7.109141126778982e-001
4.795642009703443e-001	2.843656450711593e+000	7.109141126778982e-001
4.805407634703443e-001	2.843656450711593e+000	7.109141126778982e-001
4.815173259703443e-001	2.843656450711593e+000	7.109141126778982e-001
4.824938884703443e-001	2.843656450711593e+000	7.109141126778982e-001
4.834704509703443e-001	2.843656450711593e+000	7.109141126778982e-001
4.844470134703443e-001	2.843656450711593e+000	7.109141126778982e-001
4.854235759703443e-001	2.843656450711593e+000	7.109141126778982e-001
4.864001384703443e-001	2.843656450711593e+000	7.109141126778982e-001
4.873767009703443e-001	2.843656450711593e+000	7.109141126778982e-001
4.883532634703443e-001	2.843656450711593e+000	7.109141126778982e-001
4.893298259703443e-001	2.843656450711593e+000	7.109141126778982e-001
4.903063884703443e-001	2.843656450711593e+000	7.109141126778982e-001
4.912829509703443e-001	2.843656450711593e+000	7.109141126778982e-001
4.922595134703443e-001	2.843656450711593e+000	7.109141126778982e-001
4.932360759703443e-001	2.843656450711593e+000	7.109141126778982e-001
4.942126384703443e-001	2.843656450711593e+000	7.109141126778982e-001
4.951892009703443e-001	2.843656450711593e+000	7.109141126778982e-001
4.961657634703443e-001	2.843656450711593e+000	7.109141126778982e-001
4.971423259703443e-001	2.843656450711593e+000	7.109141126778982e-001
4.981188884703443e-001	2.843656450711593e+000	7.109141126778982e-001
4.990954509703443e-001	2.843656450711593e+000	7.109141126778982e-001
5.000720134703443e-001	2.843656450711593e+000	7.109141126778982e-001
5.010485759703443e-001	2.843656450711593e+000	7.109141126778982e-001
5.020251384703443e-001	2.843656450711593e+000	7.109141126778982e-001
5.030017009703443e-001	2.843656450711593e+000	7.109141126778982e-001
5.039782634703443e-001	2.843656450711593e+000	7.109141126778982e-001
5.049548259703443e-001	2.843656450711593e+000	7.109141126778982e-001
5.059313884703443e-001	2.843656450711593e+000	7.109141126778982e-001
5.069079509703443e-001	2.843656450711593e+000	7.109141126778982e-001
5.078845134703443e-001	2.843656450711593e+000	7.109141126778982e-001
5.088610759703443e-001	2.843656450711593e+000	7.109141126778982e-001
5.098376384703443e-001	2.843656450711593e+000	7.109141126778982e-001
5.108142009703443e-001	2.843656450711593e+000	7.109141126778982e-001
5.117907634703443e-001	2.843656450711593e+000	7.109141126778982e-001
5.127673259703443e-001	2.843656450711593e+000	7.109141126778982e-001
5.137438884703443e-001	2.843656450711593e+000	7.109141126778982e-001
5.147204509703443e-001	2.843656450711593e+000	7.109141126778982e-001
5.156970134703443e-001	2.843656450711593e+000	7.109141126778982e-001
5.166735759703443e-001	2.843656450711593e+000	7.109141126778982e-001
5.176501384703443e-001	2.843656450711593e+000	7.109141126778982e-001
5.186267009703443e-001	2.843656450711593e+000	7.109141126778982e-001
5.196032634703443e-001	2.843656450711593e+000	7.109141126778982e-001
5.205798259703443e-001	2.843656450711593e+000	7.109141126778982e-001
5.215563884703443e-001	2.843656450711593e+000	7.109141126778982e-001
5.225329509703443e-001	2.843656450711593e+000	7.109141126778982e-001
5.235095134703443e-001	2.843656450711593e+000	7.109141126778982e-001
5.244860759703443e-001	2.843656450711593e+000	7.109141126778982e-001
5.254626384703443e-001	2.843656450711593e+000	7.109141126778982e-001
5.264392009703443e-001	2.843656450711593e+000	7.109141126778982e-001
5.274157634703443e-001	2.843656450711593e+000	7.109141126778982e-001
5.283923259703443e-001	2.843656450711593e+000	7.109141126778982e-001
5.293688884703443e-001	2.843656450711593e+000	7.109141126778982e-001
5.303454509703443e-001	2.843656450711593e+000	7.109141126778982e-001
5.313220134703443e-001	2.843656450711593e+000	7.109141126778982e-001
5.322985759703443e-001	2.843656450711593e+000	7.109141126778982e-001
5.332751384703443e-001	2.843656450711593e+000	7.109141126778982e-001
5.342517009703443e-001	2.843656450711593e+000	7.109141126778982e-001
5.352282634703443e-001	2.843656450711593e+000	7.109141126778982e-001
5.362048259703443e-001	2.843656450711593e+000	7.109141126778982e-001
5.371813884703443e-001	2.843656450711593e+000	7.109141126778982e-001
5.381579509703443e-001	2.843656450711593e+000	7.109141126778982e-001
5.391345134703443e-001	2.843656450711593e+000	7.109141126778982e-001
5.401110759703443e-001	2.843656450711593e+000	7.109141126778982e-001
5.410876384703443e-001	2.843656450711593e+000	7.109141126778982e-001
5.420642009703443e-001	2.843656450711593e+000	7.109141126778982e-001
5.430407634703443e-001	2.843656450711593e+000	7.109141126778982e-001
5.440173259703443e-001	2.843656450711593e+000	7.109141126778982e-001
5.449938884703443e-001	2.843656450711593e+000	7.109141126778982e-001
5.459704509703443e-001	2.843656450711593e+000	7.109141126778982e-001
5.469470134703443e-001	2.843656450711593e+000	7.109141126778982e-001
5.479235759703443e-001	2.843656450711593e+000	7.109141126778982e-001
5.489001384703443e-001	2.843656450711593e+000	7.109141126778982e-001
5.498767009703443e-001	2.843656450711593e+000	7.109141126778982e-001
5.508532634703443e-001	2.843656450711593e+000	7.109141126778982e-001
5.518298259703443e-001	2.843656450711593e+000	7.109141126778982e-001
5.528063884703443e-001	2.843656450711593e+000	7.109141126778982e-001
5.537829509703443e-001	2.843656450711593e+000	7.109141126778982e-001
5.547595134703443e-001	2.843656450711593e+000	7.109141126778982e-001
5.557360759703443e-001	2.843656450711593e+000	7.109141126778982e-001
5.567126384703443e-001	2.843656450711593e+000	7.109141126778982e-001
5.576892009703443e-001	2.843656450711593e+000	7.109141126778982e-001
5.586657634703443e-001	2.843656450711593e+000	7.109141126778982e-001
5.596423259703443e-001	2.843656450711593e+000	7.109141126778982e-001
5.606188884703443e-001	2.843656450711593e+000	7.109141126778982e-001
5.615954509703443e-001	2.843656450711593e+000	7.109141126778982e-001
5.625720134703443e-001	2.843656450711593e+000	7.109141126778982e-001
5.635485759703443e-001	2.843656450711593e+000	7.109141126778982e-001
5.645251384703443e-001	2.843656450711593e+000	7.109141126778982e-001
5.655017009703443e-001	2.843656450711593e+000	7.109141126778982e-001
5.664782634703443e-001	2.843656450711593e+000	7.109141126778982e-001
5.674548259703443e-001	2.843656450711593e+000	7.109141126778982e-001
5.684313884703443e-001	2.843656450711593e+000	7.109141126778982e-001
5.694079509703443e-001	2.843656450711593e+000	7.109141126778982e-001
5.703845134703443e-001	2.843656450711593e+000	7.109141126778982e-001
5.713610759703443e-001	2.843656450711593e+000	7.109141126778982e-001
5.723376384703443e-001	2.843656450711593e+000	7.109141126778982e-001
5.733142009703443e-001	2.843656450711593e+000	7.109141126778982e-001
5.742907634703443e-001	2.843656450711593e+000	7.109141126778982e-001
5.752673259703443e-001	2.843656450711593e+000	7.109141126778982e-001
5.762438884703443e-001	2.843656450711593e+000	7.109141126778982e-001
5.772204509703443e-001	2.843656450711593e+000	7.109141126778982e-001
5.781970134703443e-001	2.843656450711593e+000	7.109141126778982e-001
5.791735759703443e-001	2.843656450711593e+000	7.109141126778982e-001
5.801501384703443e-001	2.843656450711593e+000	7.109141126778982e-001
5.811267009703443e-001	2.843656450711593e+000	7.109141126778982e-001
5.821032634703443e-001	2.843656450711593e+000	7.109141126778982e-001
5.830798259703443e-001	2.843656450711593e+000	7.109141126778982e-001
5.840563884703443e-001	2.843656450711593e+000	7.109141126778982e-001
5.850329509703443e-001	2.843656450711593e+000	7.109141126778982e-001
5.860095134703443e-001	2.843656450711593e+000	7.109141126778982e-001
5.869860759703443e-001	2.843656450711593e+000	7.109141126778982e-001
5.879626384703443e-001	2.843656450711593e+000	7.109141126778982e-001
5.889392009703443e-001	2.843656450711593e+000	7.109141126778982e-001
5.899157634703443e-001	2.843656450711593e+000	7.109141126778982e-001
5.908923259703443e-001	2.843656450711593e+000	7.109141126778982e-001
5.918688884703443e-001	2.843656450711593e+000	7.109141126778982e-001
5.928454509703443e-001	2.843656450711593e+000	7.109141126778982e-001
5.938220134703443e-001	2.843656450711593e+000	7.109141126778982e-001
5.947985759703443e-001	2.843656450711593e+000	7.109141126778982e-001
5.957751384703443e-001	2.843656450711593e+000	7.109141126778982e-001
5.967517009703443e-001	2.843656450711593e+000	7.109141126778982e-001
5.977282634703443e-001	2.843656450711593e+000	7.109141126778982e-001
5.987048259703443e-001	2.843656450711593e+000	7.109141126778982e-001
5.996813884703443e-001	2.843656450711593e+000	7.109141126778982e-001
6.006579509703443e-001	2.843656450711593e+000	7.109141126778982e-001
6.016345134703443e-001	2.843656450711593e+000	7.109141126778982e-001
6.026110759703443e-001	2.843656450711593e+000	7.109141126778982e-001
6.035876384703443e-001	2.843656450711593e+000	7.109141126778982e-001
6.045642009703443e-001	2.843656450711593e+000	7.109141126778982e-001
6.055407634703443e-001	2.843656450711593e+000	7.109141126778982e-001
6.065173259703443e-001	2.843656450711593e+000	7.109141126778982e-001
6.074938884703443e-001	2.843656450711593e+000	7.109141126778982e-001
6.084704509703443e-001	2.843656450711593e+000	7.109141126778982e-001
6.094470134703443e-001	2.843656450711593e+000	7.109141126778982e-001
6.104235759703443e-001	2.843656450711593e+000	7.109141126778982e-001
6.114001384703443e-001	2.843656450711593e+000	7.109141126778982e-001
6.123767009703443e-001	2.843656450711593e+000	7.109141126778982e-001
6.133532634703443e-001	2.843656450711593e+000	7.109141126778982e-001
6.143298259703443e-001	2.843656450711593e+000	7.109141126778982e-001
6.153063884703443e-001	2.843656450711593e+000	7.109141126778982e-001
6.162829509703443e-001	2.843656450711593e+000	7.109141126778982e-001
6.172595134703443e-001	2.843656450711593e+000	7.109141126778982e-001
6.182360759703443e-001	2.843656450711593e+000	7.109141126778982e-001
6.192126384703443e-001	2.843656450711593e+000	7.109141126778982e-001
6.201892009703443e-001	2.843656450711593e+000	7.109141126778982e-001
6.211657634703443e-001	2.843656450711593e+000	7.109141126778982e-001
6.221423259703443e-001	2.843656450711593e+000	7.109141126778982e-001
6.231188884703443e-001	2.843656450711593e+000	7.109141126778982e-001
6.240954509703443e-001	2.843656450711593e+000	7.109141126778982e-001
6.250720134703443e-001	2.843656450711593e+000	7.109141126778982e-001
6.260485759703443e-001	2.843656450711593e+000	7.109141126778982e-001
6.270251384703443e-001	2.843656450711593e+000	7.109141126778982e-001
6.280017009703443e-001	2.843656450711593e+000	7.109141126778982e-001
6.289782634703443e-001	2.843656450711593e+000	7.109141126778982e-001
6.299548259703443e-001	2.843656450711593e+000	7.109141126778982e-001
6.309313884703443e-001	2.843656450711593e+000	7.109141126778982e-001
6.319079509703443e-001	2.843656450711593e+000	7.109141126778982e-001
6.328845134703443e-001	2.843656450711593e+000	7.109141126778982e-001
6.338610759703443e-001	2.843656450711593e+000	7.109141126778982e-001
6.348376384703443e-001	2.843656450711593e+000	7.109141126778982e-001
6.358142009703443e-001	2.843656450711593e+000	7.109141126778982e-001
6.367907634703443e-001	2.843656450711593e+000	7.109141126778982e-001
6.377673259703443e-001	2.843656450711593e+000	7.109141126778982e-001
6.387438884703443e-001	2.843656450711593e+000	7.109141126778982e-001
6.397204509703443e-001	2.843656450711593e+000	7.109141126778982e-001
6.406970134703443e-001	2.843656450711593e+000	7.109141126778982e-001
6.416735759703443e-001	2.843656450711593e+000	7.109141126778982e-001
6.426501384703443e-001	2.843656450711593e+000	7.109141126778982e-001
6.436267009703443e-001	2.843656450711593e+000	7.109141126778982e-001
6.446032634703443e-001	2.843656450711593e+000	7.109141126778982e-001
6.455798259703443e-001	2.843656450711593e+000	7.109141126778982e-001
6.465563884703443e-001	2.843656450711593e+000	7.109141126778982e-001
6.475329509703443e-001	2.843656450711593e+000	7.109141126778982e-001
6.485095134703443e-001	2.843656450711593e+000	7.109141126778982e-001
6.494860759703443e-001	2.843656450711593e+000	7.109141126778982e-001
6.504626384703443e-001	2.843656450711593e+000	7.109141126778982e-001
6.514392009703443e-001	2.843656450711593e+000	7.109141126778982e-001
6.524157634703443e-001	2.843656450711593e+000	7.109141126778982e-001
6.533923259703443e-001	2.843656450711593e+000	7.109141126778982e-001
6.543688884703443e-001	2.843656450711593e+000	7.109141126778982e-001
6.553454509703443e-001	2.843656450711593e+000	7.109141126778982e-001
6.563220134703443e-001	2.843656450711593e+000	7.109141126778982e-001
6.572985759703443e-001	2.843656450711593e+000	7.109141126778982e-001
6.582751384703443e-001	2.843656450711593e+000	7.109141126778982e-001
6.592517009703443e-001	2.843656450711593e+000	7.109141126778982e-001
6.602282634703443e-001	2.843656450711593e+000	7.109141126778982e-001
6.612048259703443e-001	2.843656450711593e+000	7.109141126778982e-001
6.621813884703443e-001	2.843656450711593e+000	7.109141126778982e-001
6.631579509703443e-001	2.843656450711593e+000	7.109141126778982e-001
6.641345134703443e-001	2.843656450711593e+000	7.109141126778982e-001
6.651110759703443e-001	2.843656450711593e+000	7.109141126778982e-001
6.660876384703443e-001	2.843656450711593e+000	7.109141126778982e-001
6.670642009703443e-001	2.843656450711593e+000	7.109141126778982e-001
6.680407634703443e-001	2.843656450711593e+000	7.109141126778982e-001
6.690173259703443e-001	2.843656450711593e+000	7.109141126778982e-001
6.699938884703443e-001	2.843656450711593e+000	7.109141126778982e-001
6.709704509703443e-001	2.843656450711593e+000	7.109141126778982e-001
6.719470134703443e-001	2.843656450711593e+000	7.109141126778982e-001
6.729235759703443e-001	2.843656450711593e+000	7.109141126778982e-001
6.739001384703443e-001	2.843656450711593e+000	7.109141126778982e-001
6.748767009703443e-001	2.843656450711593e+000	7.109141126778982e-001
6.758532634703443e-001	2.843656450711593e+000	7.109141126778982e-001
6.768298259703443e-001	2.843656450711593e+000	7.109141126778982e-001
6.778063884703443e-001	2.843656450711593e+000	7.109141126778982e-001
6.787829509703443e-001	2.843656450711593e+000	7.109141126778982e-001
6.797595134703443e-001	2.843656450711593e+000	7.109141126778982e-001
6.807360759703443e-001	2.843656450711593e+000	7.109141126778982e-001
6.817126384703443e-001	2.843656450711593e+000	7.109141126778982e-001
6.826892009703443e-001	2.843656450711593e+000	7.109141126778982e-001
6.836657634703443e-001	2.843656450711593e+000	7.109141126778982e-001
6.846423259703443e-001	2.843656450711593e+000	7.109141126778982e-001
6.856188884703443e-001	2.843656450711593e+000	7.109141126778982e-001
6.865954509703443e-001	2.843656450711593e+000	7.109141126778982e-001
6.875720134703443e-001	2.843656450711593e+000	7.109141126778982e-001
6.885485759703443e-001	2.843656450711593e+000	7.109141126778982e-001
6.895251384703443e-001	2.843656450711593e+000	7.109141126778982e-001
6.905017009703443e-001	2.843656450711593e+000	7.109141126778982e-001
6.914782634703443e-001	2.843656450711593e+000	7.109141126778982e-001
6.924548259703443e-001	2.843656450711593e+000	7.109141126778982e-001
6.934313884703443e-001	2.843656450711593e+000	7.109141126778982e-001
6.944079509703443e-001	2.843656450711593e+000	7.109141126778982e-001
6.953845134703443e-001	2.843656450711593e+000	7.109141126778982e-001
6.963610759703443e-001	2.843656450711593e+000	7.109141126778982e-001
6.973376384703443e-001	2.843656450711593e+000	7.109141126778982e-001
6.983142009703443e-001	2.843656450711593e+000	7.109141126778982e-001
6.992907634703443e-001	2.843656450711593e+000	7.109141126778982e-001
7.002673259703443e-001	2.843656450711593e+000	7.109141126778982e-001
7.012438884703443e-001	2.843656450711593e+000	7.109141126778982e-001
7.022204509703443e-001	2.843656450711593e+000	7.109141126778982e-001
7.031970134703443e-001	2.843656450711593e+000	7.109141126778982e-001
7.041735759703443e-001	2.843656450711593e+000	7.109141126778982e-001
7.051501384703443e-001	2.843656450711593e+000	7.109141126778982e-001
7.061267009703443e-001	2.843656450711593e+000	7.109141126778982e-001
7.071032634703443e-001	2.843656450711593e+000	7.109141126778982e-001
7.080798259703443e-001	2.843656450711593e+000	7.109141126778982e-001
7.090563884703443e-001	2.843656450711593e+000	7.109141126778982e-001
7.100329509703443e-001	2.843656450711593e+000	7.109141126778982e-001
7.110095134703443e-001	2.843656450711593e+000	7.109141126778982e-001
7.119860759703443e-001	2.843656450711593e+000	7.109141126778982e-001
7.129626384703443e-001	2.843656450711593e+000	7.109141126778982e-001
7.139392009703443e-001	2.843656450711593e+000	7.109141126778982e-001
7.149157634703443e-001	2.843656450711593e+000	7.109141126778982e-001
7.158923259703443e-001	2.843656450711593e+000	7.109141126778982e-001
7.168688884703443e-001	2.843656450711593e+000	7.109141126778982e-001
7.178454509703443e-001	2.843656450711593e+000	7.109141126778982e-001
7.188220134703443e-001	2.843656450711593e+000	7.109141126778982e-001
7.197985759703443e-001	2.843656450711593e+000	7.109141126778982e-001
7.207751384703443e-001	2.843656450711593e+000	7.109141126778982e-001
7.217517009703443e-001	2.843656450711593e+000	7.109141126778982e-001
7.227282634703443e-001	2.843656450711593e+000	7.109141126778982e-001
7.237048259703443e-001	2.843656450711593e+000	7.109141126778982e-001
7.246813884703443e-001	2.843656450711593e+000	7.109141126778982e-001
7.256579509703443e-001	2.843656450711593e+000	7.109141126778982e-001
7.266345134703443e-001	2.843656450711593e+000	7.109141126778982e-001
7.276110759703443e-001	2.843656450711593e+000	7.109141126778982e-001
7.285876384703443e-001	2.843656450711593e+000	7.109141126778982e-001
7.295642009703443e-001	2.843656450711593e+000	7.109141126778982e-001
7.305407634703443e-001	2.843656450711593e+000	7.109141126778982e-001
7.315173259703443e-001	2.843656450711593e+000	7.109141126778982e-001
7.324938884703443e-001	2.843656450711593e+000	7.109141126778982e-001
7.334704509703443e-001	2.843656450711593e+000	7.109141126778982e-001
7.344470134703443e-001	2.843656450711593e+000	7.109141126778982e-001
7.354235759703443e-001	2.843656450711593e+000	7.109141126778982e-001
7.364001384703443e-001	2.843656450711593e+000	7.109141126778982e-001
7.373767009703443e-001	2.843656450711593e+000	7.109141126778982e-001
7.383532634703443e-001	2.843656450711593e+000	7.109141126778982e-001
7.393298259703443e-001	2.843656450711593e+000	7.109141126778982e-001
7.403063884703443e-001	2.843656450711593e+000	7.109141126778982e-001
7.412829509703443e-001	2.843656450711593e+000	7.109141126778982e-001
7.422595134703443e-001	2.843656450711593e+000	7.109141126778982e-001
7.432360759703443e-001	2.843656450711593e+000	7.109141126778982e-001
7.442126384703443e-001	2.843656450711593e+000	7.109141126778982e-001
7.451892009703443e-001	2.843656450711593e+000	7.109141126778982e-001
7.461657634703443e-001	2.843656450711593e+000	7.109141126778982e-001
7.471423259703443e-001	2.843656450711593e+000	7.109141126778982e-001
7.481188884703443e-001	2.843656450711593e+000	7.109141126778982e-001
7.490954509703443e-001	2.843656450711593e+000	7.109141126778982e-001
7.500720134703443e-001	2.843656450711593e+000	7.109141126778982e-001
7.510485759703443e-001	2.843656450711593e+000	7.109141126778982e-001
7.520251384703443e-001	2.843656450711593e+000	7.109141126778982e-001
7.530017009703443e-001	2.843656450711593e+000	7.109141126778982e-001
7.539782634703443e-001	2.843656450711593e+000	7.109141126778982e-001
7.549548259703443e-001	2.843656450711593e+000	7.109141126778982e-001
7.559313884703443e-001	2.843656450711593e+000	7.109141126778982e-001
7.569079509703443e-001	2.843656450711593e+000	7.109141126778982e-001
7.578845134703443e-001	2.843656450711593e+000	7.109141126778982e-001
7.588610759703443e-001	2.843656450711593e+000	7.109141126778982e-001
7.598376384703443e-001	2.843656450711593e+000	7.109141126778982e-001
7.608142009703443e-001	2.843656450711593e+000	7.109141126778982e-001
7.617907634703443e-001	2.843656450711593e+000	7.109141126778982e-001
7.627673259703443e-001	2.843656450711593e+000	7.109141126778982e-001
7.637438884703443e-001	2.843656450711593e+000	7.109141126778982e-001
7.647204509703443e-001	2.843656450711593e+000	7.109141126778982e-001
7.656970134703443e-001	2.843656450711593e+000	7.109141126778982e-001
7.666735759703443e-001	2.843656450711593e+000	7.109141126778982e-001
7.676501384703443e-001	2.843656450711593e+000	7.109141126778982e-001
7.686267009703443e-001	2.843656450711593e+000	7.109141126778982e-001
7.696032634703443e-001	2.843656450711593e+000	7.109141126778982e-001
7.705798259703443e-001	2.843656450711593e+000	7.109141126778982e-001
7.715563884703443e-001	2.843656450711593e+000	7.109141126778982e-001
7.725329509703443e-001	2.843656450711593e+000	7.109141126778982e-001
7.735095134703443e-001	2.843656450711593e+000	7.109141126778982e-001
7.744860759703443e-001	2.843656450711593e+000	7.109141126778982e-001
7.754626384703443e-001	2.843656450711593e+000	7.109141126778982e-001
7.764392009703443e-001	2.843656450711593e+000	7.109141126778982e-001
7.774157634703443e-001	2.843656450711593e+000	7.109141126778982e-001
7.783923259703443e-001	2.843656450711593e+000	7.109141126778982e-001
7.793688884703443e-001	2.843656450711593e+000	7.109141126778982e-001
7.803454509703443e-001	2.843656450711593e+000	7.109141126778982e-001
7.813220134703443e-001	2.843656450711593e+000	7.109141126778982e-001
7.822985759703443e-001	2.843656450711593e+000	7.109141126778982e-001
7.832751384703443e-001	2.843656450711593e+000	7.109141126778982e-001
7.842517009703443e-001	2.843656450711593e+000	7.109141126778982e-001
7.852282634703443e-001	2.843656450711593e+000	7.109141126778982e-001
7.862048259703443e-001	2.843656450711593e+000	7.109141126778982e-001
7.871813884703443e-001	2.843656450711593e+000	7.109141126778982e-001
7.881579509703443e-001	2.843656450711593e+000	7.109141126778982e-001
7.891345134703443e-001	2.843656450711593e+000	7.109141126778982e-001
7.901110759703443e-001	2.843656450711593e+000	7.109141126778982e-001
7.910876384703443e-001	2.843656450711593e+000	7.109141126778982e-001
7.920642009703443e-001	2.843656450711593e+000	7.109141126778982e-001
7.930407634703443e-001	2.843656450711593e+000	7.109141126778982e-001
7.940173259703443e-001	2.843656450711593e+000	7.109141126778982e-001
7.949938884703443e-001	2.843656450711593e+000	7.109141126778982e-001
7.959704509703443e-001	2.843656450711593e+000	7.109141126778982e-001
7.969470134703443e-001	2.843656450711593e+000	7.109141126778982e-001
7.979235759703443e-001	2.843656450711593e+000	7.109141126778982e-001
7.989001384703443e-001	2.843656450711593e+000	7.109141126778982e-001
7.998767009703443e-001	2.843656450711593e+000	7.109141126778982e-001
8.008532634703443e-001	2.843656450711593e+000	7.109141126778982e-001
8.018298259703443e-001	2.843656450711593e+000	7.109141126778982e-001
8.028063884703443e-001	2.843656450711593e+000	7.109141126778982e-001
8.037829509703443e-001	2.843656450711593e+000	7.109141126778982e-001
8.047595134703443e-001	2.843656450711593e+000	7.109141126778982e-001
8.057360759703443e-001	2.843656450711593e+000	7.109141126778982e-001
8.067126384703443e-001	2.843656450711593e+000	7.109141126778982e-001
8.076892009703443e-001	2.843656450711593e+000	7.109141126778982e-001
8.086657634703443e-001	2.843656450711593e+000	7.109141126778982e-001
8.096423259703443e-001	2.843656450711593e+000	7.109141126778982e-001
8.106188884703443e-001	2.843656450711593e+000	7.109141126778982e-001
8.115954509703443e-001	2.843656450711593e+000	7.109141126778982e-001
8.125720134703443e-001	2.843656450711593e+000	7.109141126778982e-001
8.135485759703443e-001	2.843656450711593e+000	7.109141126778982e-001
8.145251384703443e-001	2.843656450711593e+000	7.109141126778982e-001
8.155017009703443e-001	2.843656450711593e+000	7.109141126778982e-001
8.164782634703443e-001	2.843656450711593e+000	7.109141126778982e-001
8.174548259703443e-001	2.843656450711593e+000	7.109141126778982e-001
8.184313884703443e-001	2.843656450711593e+000	7.109141126778982e-001
8.194079509703443e-001	2.843656450711593e+000	7.109141126778982e-001
8.203845134703443e-001	2.843656450711593e+000	7.109141126778982e-001
8.213610759703443e-001	2.843656450711593e+000	7.109141126778982e-001
8.223376384703443e-001	2.843656450711593e+000	7.109141126778982e-001
8.233142009703443e-001	2.843656450711593e+000	7.109141126778982e-001
8.242907634703443e-001	2.843656450711593e+000	7.109141126778982e-001
8.252673259703443e-001	2.843656450711593e+000	7.109141126778982e-001
8.262438884703443e-001	2.843656450711593e+000	7.109141126778982e-001
8.272204509703443e-001	2.843656450711593e+000	7.109141126778982e-001
8.281970134703443e-001	2.843656450711593e+000	7.109141126778982e-001
8.291735759703443e-001	2.843656450711593e+000	7.109141126778982e-001
8.301501384703443e-001	2.843656450711593e+000	7.109141126778982e-001
8.311267009703443e-001	2.843656450711593e+000	7.109141126778982e-001
8.321032634703443e-001	2.843656450711593e+000	7.109141126778982e-001
8.330798259703443e-001	2.843656450711593e+000	7.109141126778982e-001
8.340563884703443e-001	2.843656450711593e+000	7.109141126778982e-001
8.350329509703443e-001	2.843656450711593e+000	7.109141126778982e-001
8.360095134703443e-001	2.843656450711593e+000	7.109141126778982e-001
8.369860759703443e-001	2.843656450711593e+000	7.109141126778982e-001
8.379626384703443e-001	2.843656450711593e+000	7.109141126778982e-001
8.389392009703443e-001	2.843656450711593e+000	7.109141126778982e-001
8.399157634703443e-001	2.843656450711593e+000	7.109141126778982e-001
8.408923259703443e-001	2.843656450711593e+000	7.109141126778982e-001
8.418688884703443e-001	2.843656450711593e+000	7.109141126778982e-001
8.428454509703443e-001	2.843656450711593e+000	7.109141126778982e-001
8.438220134703443e-001	2.843656450711593e+000	7.109141126778982e-001
8.447985759703443e-001	2.843656450711593e+000	7.109141126778982e-001
8.457751384703443e-001	2.843656450711593e+000	7.109141126778982e-001
8.467517009703443e-001	2.843656450711593e+000	7.109141126778982e-001
8.477282634703443e-001	2.843656450711593e+000	7.109141126778982e-001
8.487048259703443e-001	2.843656450711593e+000	7.109141126778982e-001
8.496813884703443e-001	2.843656450711593e+000	7.109141126778982e-001
8.506579509703443e-001	2.843656450711593e+000	7.109141126778982e-001
8.516345134703443e-001	2.843656450711593e+000	7.109141126778982e-001
8.526110759703443e-001	2.843656450711593e+000	7.109141126778982e-001
8.535876384703443e-001	2.843656450711593e+000	7.109141126778982e-001
8.545642009703443e-001	2.843656450711593e+000	7.109141126778982e-001
8.555407634703443e-001	2.843656450711593e+000	7.109141126778982e-001
8.565173259703443e-001	2.843656450711593e+000	7.109141126778982e-001
8.574938884703443e-001	2.843656450711593e+000	7.109141126778982e-001
8.584704509703443e-001	2.843656450711593e+000	7.109141126778982e-001
8.594470134703443e-001	2.843656450711593e+000	7.109141126778982e-001
8.604235759703443e-001	2.843656450711593e+000	7.109141126778982e-001
8.614001384703443e-001	2.843656450711593e+000	7.109141126778982e-001
8.623767009703443e-001	2.843656450711593e+000	7.109141126778982e-001
8.633532634703443e-001	2.843656450711593e+000	7.109141126778982e-001
8.643298259703443e-001	2.843656450711593e+000	7.109141126778982e-001
8.653063884703443e-001	2.843656450711593e+000	7.109141126778982e-001
8.662829509703443e-001	2.843656450711593e+000	7.109141126778982e-001
8.672595134703443e-001	2.843656450711593e+000	7.109141126778982e-001
8.682360759703443e-001	2.843656450711593e+000	7.109141126778982e-001
8.692126384703443e-001	2.843656450711593e+000	7.109141126778982e-001
8.701892009703443e-001	2.843656450711593e+000	7.109141126778982e-001
8.711657634703443e-001	2.843656450711593e+000	7.109141126778982e-001
8.721423259703443e-001	2.843656450711593e+000	7.109141126778982e-001
8.731188884703443e-001	2.843656450711593e+000	7.109141126778982e-001
8.740954509703443e-001	2.843656450711593e+000	7.109141126778982e-001
8.750720134703443e-001	2.843656450711593e+000	7.109141126778982e-001
8.760485759703443e-001	2.843656450711593e+000	7.109141126778982e-001
8.770251384703443e-001	2.843656450711593e+000	7.109141126778982e-001
8.780017009703443e-001	2.843656450711593e+000	7.109141126778982e-001
8.789782634703443e-001	2.843656450711593e+000	7.109141126778982e-001
8.799548259703443e-001	2.843656450711593e+000	7.109141126778982e-001
8.809313884703443e-001	2.843656450711593e+000	7.109141126778982e-001
8.819079509703443e-001	2.843656450711593e+000	7.109141126778982e-001
8.828845134703443e-001	2.843656450711593e+000	7.109141126778982e-001
8.838610759703443e-001	2.843656450711593e+000	7.109141126778982e-001
8.848376384703443e-001	2.843656450711593e+000	7.109141126778982e-001
8.858142009703443e-001	2.843656450711593e+000	7.109141126778982e-001
8.867907634703443e-001	2.843656450711593e+000	7.109141126778982e-001
8.877673259703443e-001	2.843656450711593e+000	7.109141126778982e-001
8.887438884703443e-001	2.843656450711593e+000	7.109141126778982e-001
8.897204509703443e-001	2.843656450711593e+000	7.109141126778982e-001
8.906970134703443e-001	2.843656450711593e+000	7.109141126778982e-001
8.916735759703443e-001	2.843656450711593e+000	7.109141126778982e-001
8.926501384703443e-001	2.843656450711593e+000	7.109141126778982e-001
8.936267009703443e-001	2.843656450711593e+000	7.109141126778982e-001
8.946032634703443e-001	2.843656450711593e+000	7.109141126778982e-001
8.955798259703443e-001	2.843656450711593e+000	7.109141126778982e-001
8.965563884703443e-001	2.843656450711593e+000	7.109141126778982e-001
8.975329509703443e-001	2.843656450711593e+000	7.109141126778982e-001
8.985095134703443e-001	2.843656450711593e+000	7.109141126778982e-001
8.994860759703443e-001	2.843656450711593e+000	7.109141126778982e-001
9.004626384703443e-001	2.843656450711593e+000	7.109141126778982e-001
9.014392009703443e-001	2.843656450711593e+000	7.109141126778982e-001
9.024157634703443e-001	2.843656450711593e+000	7.109141126778982e-001
9.033923259703443e-001	2.843656450711593e+000	7.109141126778982e-001
9.043688884703443e-001	2.843656450711593e+000	7.109141126778982e-001
9.053454509703443e-001	2.843656450711593e+000	7.109141126778982e-001
9.063220134703443e-001	2.843656450711593e+000	7.109141126778982e-001
9.072985759703443e-001	2.843656450711593e+000	7.109141126778982e-001
9.082751384703443e-001	2.843656450711593e+000	7.109141126778982e-001
9.092517009703443e-001	2.843656450711593e+000	7.109141126778982e-001
9.102282634703443e-001	2.843656450711593e+000	7.109141126778982e-001
9.112048259703443e-001	2.843656450711593e+000	7.109141126778982e-001
9.121813884703443e-001	2.843656450711593e+000	7.109141126778982e-001
9.131579509703443e-001	2.843656450711593e+000	7.109141126778982e-001
9.141345134703443e-001	2.843656450711593e+000	7.109141126778982e-001
9.151110759703443e-001	2.843656450711593e+000	7.109141126778982e-001
9.160876384703443e-001	2.843656450711593e+000	7.109141126778982e-001
9.170642009703443e-001	2.843656450711593e+000	7.109141126778982e-001
9.180407634703443e-001	2.843656450711593e+000	7.109141126778982e-001
9.190173259703443e-001	2.843656450711593e+000	7.109141126778982e-001
9.199938884703443e-001	2.843656450711593e+000	7.109141126778982e-001
9.209704509703443e-001	2.843656450711593e+000	7.109141126778982e-001
9.219470134703443e-001	2.843656450711593e+000	7.109141126778982e-001
9.229235759703443e-001	2.843656450711593e+000	7.109141126778982e-001
9.239001384703443e-001	2.843656450711593e+000	7.109141126778982e-001
9.248767009703443e-001	2.843656450711593e+000	7.109141126778982e-001
9.258532634703443e-001	2.843656450711593e+000	7.109141126778982e-001
9.268298259703443e-001	2.843656450711593e+000	7.109141126778982e-001
9.278063884703443e-001	2.843656450711593e+000	7.109141126778982e-001
9.287829509703443e-001	2.843656450711593e+000	7.109141126778982e-001
9.297595134703443e-001	2.843656450711593e+000	7.109141126778982e-001
9.307360759703443e-001	2.843656450711593e+000	7.109141126778982e-001
9.317126384703443e-001	2.843656450711593e+000	7.109141126778982e-001
9.326892009703443e-001	2.843656450711593e+000	7.109141126778982e-001
9.336657634703443e-001	2.843656450711593e+000	7.109141126778982e-001
9.346423259703443e-001	2.843656450711593e+000	7.109141126778982e-001
9.356188884703443e-001	2.843656450711593e+000	7.109141126778982e-001
9.365954509703443e-001	2.843656450711593e+000	7.109141126778982e-001
9.375720134703443e-001	2.843656450711593e+000	7.109141126778982e-001
9.385485759703443e-001	2.843656450711593e+000	7.109141126778982e-001
9.395251384703443e-001	2.843656450711593e+000	7.109141126778982e-001
9.405017009703443e-001	2.843656450711593e+000	7.109141126778982e-001
9.414782634703443e-001	2.843656450711593e+000	7.109141126778982e-001
9.424548259703443e-001	2.843656450711593e+000	7.109141126778982e-001
9.434313884703443e-001	2.843656450711593e+000	7.109141126778982e-001
9.444079509703443e-001	2.843656450711593e+000	7.109141126778982e-001
9.453845134703443e-001	2.843656450711593e+000	7.109141126778982e-001
9.463610759703443e-001	2.843656450711593e+000	7.109141126778982e-001
9.473376384703443e-001	2.843656450711593e+000	7.109141126778982e-001
9.483142009703443e-001	2.843656450711593e+000	7.109141126778982e-001
9.492907634703443e-001	2.843656450711593e+000	7.109141126778982e-001
9.502673259703443e-001	2.843656450711593e+000	7.109141126778982e-001
9.512438884703443e-001	2.843656450711593e+000	7.109141126778982e-001
9.522204509703443e-001	2.843656450711593e+000	7.109141126778982e-001
9.531970134703443e-001	2.843656450711593e+000	7.109141126778982e-001
9.541735759703443e-001	2.843656450711593e+000	7.109141126778982e-001
9.551501384703443e-001	2.843656450711593e+000	7.109141126778982e-001
9.561267009703443e-001	2.843656450711593e+000	7.109141126778982e-001
9.571032634703443e-001	2.843656450711593e+000	7.109141126778982e-001
9.580798259703443e-001	2.843656450711593e+000	7.109141126778982e-001
9.590563884703443e-001	2.843656450711593e+000	7.109141126778982e-001
9.600329509703443e-001	2.843656450711593e+000	7.109141126778982e-001
9.610095134703443e-001	2.843656450711593e+000	7.109141126778982e-001
9.619860759703443e-001	2.843656450711593e+000	7.109141126778982e-001
9.629626384703443e-001	2.843656450711593e+000	7.109141126778982e-001
9.639392009703443e-001	2.843656450711593e+000	7.109141126778982e-001
9.649157634703443e-001	2.843656450711593e+000	7.109141126778982e-001
9.658923259703443e-001	2.843656450711593e+000	7.109141126778982e-001
9.668688884703443e-001	2.843656450711593e+000	7.109141126778982e-001
9.678454509703443e-001	2.843656450711593e+000	7.109141126778982e-001
9.688220134703443e-001	2.843656450711593e+000	7.109141126778982e-001
9.697985759703443e-001	2.843656450711593e+000	7.109141126778982e-001
9.707751384703443e-001	2.843656450711593e+000	7.109141126778982e-001
9.717517009703443e-001	2.843656450711593e+000	7.109141126778982e-001
9.727282634703443e-001	2.843656450711593e+000	7.109141126778982e-001
9.737048259703443e-001	2.843656450711593e+000	7.109141126778982e-001
9.746813884703443e-001	2.843656450711593e+000	7.109141126778982e-001
9.756579509703443e-001	2.843656450711593e+000	7.109141126778982e-001
9.766345134703443e-001	2.843656450711593e+000	7.109141126778982e-001
9.776110759703443e-001	2.843656450711593e+000	7.109141126778982e-001
9.785876384703443e-001	2.843656450711593e+000	7.109141126778982e-001
9.795642009703443e-001	2.843656450711593e+000	7.109141126778982e-001
9.805407634703443e-001	2.843656450711593e+000	7.109141126778982e-001
9.815173259703443e-001	2.843656450711593e+000	7.109141126778982e-001
9.824938884703443e-001	2.843656450711593e+000	7.109141126778982e-001
9.834704509703443e-001	2.843656450711593e+000	7.109141126778982e-001
9.844470134703443e-001	2.843656450711593e+000	7.109141126778982e-001
9.854235759703443e-001	2.843656450711593e+000	7.109141126778982e-001
9.864001384703443e-001	2.843656450711593e+000	7.109141126778982e-001
9.873767009703443e-001	2.843656450711593e+000	7.109141126778982e-001
9.883532634703443e-001	2.843656450711593e+000	7.109141126778982e-001
9.893298259703443e-001	2.843656450711593e+000	7.109141126778982e-001
9.903063884703443e-001	2.843656450711593e+000	7.109141126778982e-001
9.912829509703443e-001	2.843656450711593e+000	7.109141126778982e-001
9.922595134703443e-001	2.843656450711593e+000	7.109141126778982e-001
9.932360759703443e-001	2.843656450711593e+000	7.109141126778982e-001
9.942126384703443e-001	2.843656450711593e+000	7.109141126778982e-001
9.951892009703443e-001	2.843656450711593e+000	7.109141126778982e-001
9.961657634703443e-001	2.843656450711593e+000	7.109141126778982e-001
9.971423259703443e-001	2.843656450711593e+000	7.109141126778982e-001
9.981188884703443e-001	2.843656450711593e+000	7.109141126778982e-001
9.990954509703443e-001	2.843656450711593e+000	7.109141126778982e-001
1.000000000000000e+000	2.843656450711593e+000	7.109141126778982e-001
